,link
0,https://www.vodafone.co.uk/mobile/phones/pay-monthly-contracts/motorola/moto-g32
1,https://www.vodafone.co.uk/mobile/phones/pay-monthly-contracts/motorola/moto-g53-5g
2,https://www.vodafone.co.uk/mobile/phones/pay-monthly-contracts/samsung/galaxy-z-fold3
3,https://www.vodafone.co.uk/mobile/phones/pay-monthly-contracts/apple/iphone-se-2022
4,https://www.vodafone.co.uk/mobile/phones/pay-monthly-contracts/samsung/galaxy-s22
5,https://www.vodafone.co.uk/mobile/phones/pay-monthly-contracts/nokia/g50
6,https://www.vodafone.co.uk/mobile/phones/pay-monthly-contracts/tcl/306
7,https://www.vodafone.co.uk/mobile/phones/pay-monthly-contracts/apple/iphone-13
8,https://www.vodafone.co.uk/mobile/phones/pay-monthly-contracts/samsung/galaxy-s22-ultra-refurbished-pristine
9,https://www.vodafone.co.uk/mobile/phones/pay-monthly-contracts/samsung/galaxy-a14
10,https://www.vodafone.co.uk/mobile/phones/pay-monthly-contracts/samsung/galaxy-a34-5g
11,https://www.vodafone.co.uk/mobile/phones/pay-monthly-contracts/samsung/galaxy-s20-fe-refurbished-pristine
12,https://www.vodafone.co.uk/mobile/phones/pay-monthly-contracts/oppo/find-n2-flip
13,https://www.vodafone.co.uk/mobile/phones/pay-monthly-contracts/google/pixel-6-pro
14,https://www.vodafone.co.uk/mobile/phones/pay-monthly-contracts/samsung/galaxy-xcover6-pro
15,https://www.vodafone.co.uk/mobile/phones/pay-monthly-contracts/apple/iphone-12-pro-refurbished-pristine
16,https://www.vodafone.co.uk/mobile/phones/pay-monthly-contracts/samsung/galaxy-s22-plus
17,https://www.vodafone.co.uk/mobile/phones/pay-monthly-contracts/samsung/galaxy-s23
18,https://www.vodafone.co.uk/mobile/phones/pay-monthly-contracts/samsung/galaxy-s22-ultra-refurbished-great
19,https://www.vodafone.co.uk/mobile/phones/pay-monthly-contracts/samsung/galaxy-s20-fe-refurbished-great
20,https://www.vodafone.co.uk/mobile/phones/pay-monthly-contracts/samsung/galaxy-s20-5g-refurbished-pristine
21,https://www.vodafone.co.uk/mobile/phones/pay-monthly-contracts/apple/iphone-13-refurbished-great
22,https://www.vodafone.co.uk/mobile/phones/pay-monthly-contracts/samsung/galaxy-z-flip3
23,https://www.vodafone.co.uk/mobile/phones/pay-monthly-contracts/samsung/galaxy-s21-fe
24,https://www.vodafone.co.uk/mobile/phones/pay-monthly-contracts/oppo/reno8-pro-5g
25,https://www.vodafone.co.uk/mobile/phones/pay-monthly-contracts/samsung/galaxy-s20-5g-refurbished-great
26,https://www.vodafone.co.uk/mobile/phones/pay-monthly-contracts/samsung/galaxy-a54-5g
27,https://www.vodafone.co.uk/mobile/phones/pay-monthly-contracts/oppo/a57
28,https://www.vodafone.co.uk/mobile/phones/pay-monthly-contracts/doro/8100
29,https://www.vodafone.co.uk/mobile/phones/pay-monthly-contracts/xiaomi/redmi-note-10-5g
30,https://www.vodafone.co.uk/mobile/phones/pay-monthly-contracts/apple/iphone-13-pro-max
31,https://www.vodafone.co.uk/mobile/phones/pay-monthly-contracts/apple/iphone-se-refurbished-pristine
32,https://www.vodafone.co.uk/mobile/phones/pay-monthly-contracts/apple/iphone-xr-refurbished-pristine
33,https://www.vodafone.co.uk/mobile/phones/pay-monthly-contracts/oppo/find-x5-5g
34,https://www.vodafone.co.uk/mobile/phones/pay-monthly-contracts/samsung/galaxy-a52s-5g
35,https://www.vodafone.co.uk/mobile/phones/pay-monthly-contracts/apple/iphone-xr-refurbished-great
36,https://www.vodafone.co.uk/mobile/phones/pay-monthly-contracts/xiaomi/mi-11-5g
37,https://www.vodafone.co.uk/mobile/phones/pay-monthly-contracts/samsung/galaxy-a33-5g
38,https://www.vodafone.co.uk/mobile/phones/pay-monthly-contracts/apple/iphone-13-pro
39,https://www.vodafone.co.uk/mobile/phones/pay-monthly-contracts/xiaomi/redmi-9at
40,https://www.vodafone.co.uk/mobile/phones/pay-monthly-contracts/apple/iphone-12-refurbished-great
41,https://www.vodafone.co.uk/mobile/phones/pay-monthly-contracts/samsung/galaxy-s23-ultra
42,https://www.vodafone.co.uk/mobile/phones/pay-monthly-contracts/motorola/moto-edge20-pro
43,https://www.vodafone.co.uk/mobile/phones/pay-monthly-contracts/xiaomi/11t-pro
44,https://www.vodafone.co.uk/mobile/phones/pay-monthly-contracts/apple/iphone-14
45,https://www.vodafone.co.uk/mobile/phones/pay-monthly-contracts/google/pixel-7a
46,https://www.vodafone.co.uk/mobile/phones/pay-monthly-contracts/samsung/galaxy-z-flip4
47,https://www.vodafone.co.uk/mobile/phones/pay-monthly-contracts/samsung/galaxy-s21-5g-refurbished-pristine
48,https://www.vodafone.co.uk/mobile/phones/pay-monthly-contracts/xiaomi/12
49,https://www.vodafone.co.uk/mobile/phones/pay-monthly-contracts/apple/iphone-11-pro-max-refurbished-great
50,https://www.vodafone.co.uk/mobile/phones/pay-monthly-contracts/samsung/galaxy-s23-plus
51,https://www.vodafone.co.uk/mobile/phones/pay-monthly-contracts/google/pixel-fold
52,https://www.vodafone.co.uk/mobile/phones/pay-monthly-contracts/google/pixel-6
53,https://www.vodafone.co.uk/mobile/phones/pay-monthly-contracts/oppo/find-x5-pro-5g
54,https://www.vodafone.co.uk/mobile/phones/pay-monthly-contracts/samsung/galaxy-s23-refurbished-pristine
55,https://www.vodafone.co.uk/mobile/phones/pay-monthly-contracts/google/pixel-7
56,https://www.vodafone.co.uk/mobile/phones/pay-monthly-contracts/apple/iphone-12-pro-max-refurbished-pristine
57,https://www.vodafone.co.uk/mobile/phones/pay-monthly-contracts/apple/iphone-13-pro-refurbished-great
58,https://www.vodafone.co.uk/mobile/phones/pay-monthly-contracts/motorola/razr-40-ultra
59,https://www.vodafone.co.uk/mobile/phones/pay-monthly-contracts/apple/iphone-13-pro-refurbished-pristine
60,https://www.vodafone.co.uk/mobile/phones/pay-monthly-contracts/alcatel/1b-2022
61,https://www.vodafone.co.uk/mobile/phones/pay-monthly-contracts/nokia/g60-5g
62,https://www.vodafone.co.uk/mobile/phones/pay-monthly-contracts/apple/iphone-14-refurbished-pristine
63,https://www.vodafone.co.uk/mobile/phones/pay-monthly-contracts/apple/iphone-11-pro-max-refurbished-pristine
64,https://www.vodafone.co.uk/mobile/phones/pay-monthly-contracts/honor/magic4-pro
65,https://www.vodafone.co.uk/mobile/phones/pay-monthly-contracts/apple/iphone-11-refurbished-great
66,https://www.vodafone.co.uk/mobile/phones/pay-monthly-contracts/apple/iphone-se-3rd-gen-refurbished-great
67,https://www.vodafone.co.uk/mobile/phones/pay-monthly-contracts/samsung/galaxy-s10-refurbished-pristine
68,https://www.vodafone.co.uk/mobile/phones/pay-monthly-contracts/samsung/galaxy-s10-refurbished-great
69,https://www.vodafone.co.uk/mobile/phones/pay-monthly-contracts/samsung/galaxy-z-fold4
70,https://www.vodafone.co.uk/mobile/phones/pay-monthly-contracts/apple/iphone-13-mini
71,https://www.vodafone.co.uk/mobile/phones/pay-monthly-contracts/samsung/galaxy-a13-5g
72,https://www.vodafone.co.uk/mobile/phones/pay-monthly-contracts/apple/iphone-11-pro-refurbished-pristine
73,https://www.vodafone.co.uk/mobile/phones/pay-monthly-contracts/google/pixel-7-pro
74,https://www.vodafone.co.uk/mobile/phones/pay-monthly-contracts/oppo/reno8-5g
75,https://www.vodafone.co.uk/mobile/phones/pay-monthly-contracts/xiaomi/redmi-note-11-pro-5g
76,https://www.vodafone.co.uk/mobile/phones/pay-monthly-contracts/apple/iphone-13-pro-max-refurbished-pristine
77,https://www.vodafone.co.uk/mobile/phones/pay-monthly-contracts/apple/iphone-12-refurbished-pristine
78,https://www.vodafone.co.uk/mobile/phones/pay-monthly-contracts/apple/iphone-13-pro-max-refurbished-great
79,https://www.vodafone.co.uk/mobile/phones/pay-monthly-contracts/samsung/galaxy-s21-5g-refurbished-great
80,https://www.vodafone.co.uk/mobile/phones/pay-monthly-contracts/honor/70
81,https://www.vodafone.co.uk/mobile/phones/pay-monthly-contracts/apple/iphone-11-pro-refurbished-great
82,https://www.vodafone.co.uk/mobile/phones/pay-monthly-contracts/apple/iphone-12
83,https://www.vodafone.co.uk/mobile/phones/pay-monthly-contracts/samsung/galaxy-a14-5g
84,https://www.vodafone.co.uk/mobile/phones/pay-monthly-contracts/apple/iphone-14-pro-max-refurbished-pristine
85,https://www.vodafone.co.uk/mobile/phones/pay-monthly-contracts/apple/iphone-11-refurbished-pristine
86,https://www.vodafone.co.uk/mobile/phones/pay-monthly-contracts/apple/iphone-12-pro-refurbished-great
87,https://www.vodafone.co.uk/mobile/phones/pay-monthly-contracts/honor/magic4-lite-5g
88,https://www.vodafone.co.uk/mobile/phones/pay-monthly-contracts/apple/iphone-11
89,https://www.vodafone.co.uk/mobile/phones/pay-monthly-contracts/oppo/find-x5-lite-5g
90,https://www.vodafone.co.uk/mobile/phones/pay-monthly-contracts/xiaomi/12-pro
91,https://www.vodafone.co.uk/mobile/phones/pay-monthly-contracts/samsung/galaxy-a53-5g
92,https://www.vodafone.co.uk/mobile/phones/pay-monthly-contracts/apple/iphone-12-pro-max-refurbished-great
93,https://www.vodafone.co.uk/mobile/phones/pay-monthly-contracts/apple/iphone-14-plus
94,https://www.vodafone.co.uk/mobile/phones/pay-monthly-contracts/xiaomi/11-lite-5g-ne
95,https://www.vodafone.co.uk/mobile/phones/pay-monthly-contracts/samsung/galaxy-xcover-5
96,https://www.vodafone.co.uk/mobile/phones/pay-monthly-contracts/fairphone/4
97,https://www.vodafone.co.uk/mobile/phones/pay-monthly-contracts/apple/iphone-14-pro-max
98,https://www.vodafone.co.uk/mobile/phones/pay-monthly-contracts/motorola/g62
99,https://www.vodafone.co.uk/mobile/phones/pay-monthly-contracts/apple/iphone-13-refurbished-pristine
100,https://www.vodafone.co.uk/mobile/phones/pay-monthly-contracts/apple/iphone-se-3rd-gen-refurbished-pristine
101,https://www.vodafone.co.uk/mobile/phones/pay-monthly-contracts/motorola/edge-40
102,https://www.vodafone.co.uk/mobile/phones/pay-monthly-contracts/sony/xperia-10-iv
103,https://www.vodafone.co.uk/mobile/phones/pay-monthly-contracts/samsung/galaxy-a04s
104,https://www.vodafone.co.uk/mobile/phones/pay-monthly-contracts/samsung/galaxy-s22-ultra
105,https://www.vodafone.co.uk/mobile/phones/pay-monthly-contracts/motorola/e32
106,https://www.vodafone.co.uk/mobile/phones/pay-monthly-contracts/honor/magic5-lite-5g
107,https://www.vodafone.co.uk/mobile/phones/pay-monthly-contracts/samsung/galaxy-s22-refurbished-pristine
108,https://www.vodafone.co.uk/mobile/phones/pay-monthly-contracts/apple/iphone-14-pro
109,https://www.vodafone.co.uk/mobile/phones/pay-monthly-contracts/samsung/galaxy-s23-ultra-refurbished-pristine
110,https://www.vodafone.co.uk/mobile/phones/pay-monthly-contracts/samsung/galaxy-s22-refurbished-great
111,https://www.vodafone.co.uk/mobile/phones/pay-monthly-contracts/google/pixel-6a
112,https://www.vodafone.co.uk/mobile/phones/pay-monthly-contracts/samsung/galaxy-a23-5g
113,https://www.vodafone.co.uk/mobile/phones/pay-monthly-contracts/apple/iphone-se-refurbished-great
114,https://www.vodafone.co.uk/mobile/phones/pay-monthly-contracts/apple/iphone-14-pro-refurbished-pristine
